permit_number,rule_category,true_category,correct
2026-107435 EP,battery,battery,1
2026-092072 EP,battery,battery,1
2020-165111 EP,battery,battery,1
2024-147336 EP,battery,battery,1
2026-112257 EP,battery,battery,1
2026-092119 EP,battery,battery,1
2021-170527 EP,battery,battery,1
2021-177727 EP,battery,battery,1
2021-030179 EP,battery,battery,1
2024-062515 EP,battery,battery,1
2026-109993 EP,battery,battery,1
2026-108857 EP,battery,battery,1
2021-128763 EP,battery,battery,1
2021-177957 EP,battery,battery,1
2026-101763 EP,battery,battery,1
2023-118739 EP,ev_charger,ev_charger,1
2023-103237 EP,ev_charger,ev_charger,1
2018-158037 EP,ev_charger,ev_charger,1
2025-162169 EP,ev_charger,ev_charger,1
2026-068512 EP,ev_charger,ev_charger,1
2026-039013 EP,ev_charger,ev_charger,1
2017-097100 EP,ev_charger,ev_charger,1
2018-158951 EP,ev_charger,ev_charger,1
2025-133452 EP,ev_charger,ev_charger,1
2023-150572 EP,ev_charger,ev_charger,1
2023-114275 EP,ev_charger,ev_charger,1
2019-153421 EP,ev_charger,ev_charger,1
2025-000100 EP,ev_charger,ev_charger,1
2024-123653 EP,ev_charger,ev_charger,1
2018-205743 EP,ev_charger,ev_charger,1
2023-031140 EP,generator,generator,1
2021-189325 EP,generator,generator,1
2025-120900 EP,generator,generator,1
2023-128940 EP,generator,generator,1
2023-021352 EP,generator,generator,1
2022-140812 EP,generator,generator,1
2021-122751 EP,generator,generator,1
2023-137621 EP,generator,generator,1
2022-015944 EP,generator,generator,1
2021-107427 EP,generator,generator,1
2024-142741 EP,generator,generator,1
2024-041668 EP,generator,generator,1
2021-204994 EP,generator,generator,1
2023-130892 EP,generator,generator,1
2021-180067 EP,generator,generator,1
2020-174387 EP,other_electrical,other_electrical,1
2021-108406 EP,other_electrical,other_electrical,1
2023-122657 EP,other_electrical,panel_upgrade,0
2019-078422 EP,other_electrical,other_electrical,1
2021-021283 EP,other_electrical,other_electrical,1
2017-076358 EP,other_electrical,solar,0
2024-031820 EP,other_electrical,other_electrical,1
2026-096695 EP,other_electrical,other_electrical,1
2022-021759 EP,other_electrical,other_electrical,1
2022-140557 EP,other_electrical,other_electrical,1
2026-071690 EP,other_electrical,other_electrical,1
2022-053876 EP,other_electrical,other_electrical,1
2020-074334 EP,other_electrical,solar,0
2024-011490 EP,other_electrical,other_electrical,1
2023-021512 EP,other_electrical,other_electrical,1
2023-016154 EP,panel_upgrade,other_electrical,0
2023-084295 EP,panel_upgrade,panel_upgrade,1
2025-017518 EP,panel_upgrade,panel_upgrade,1
2019-055773 EP,panel_upgrade,panel_upgrade,1
2016-022514 EP,panel_upgrade,panel_upgrade,1
2022-140497 EP,panel_upgrade,panel_upgrade,1
2020-081044 EP,panel_upgrade,panel_upgrade,1
2023-002337 EP,panel_upgrade,panel_upgrade,1
2016-118675 EP,panel_upgrade,panel_upgrade,1
2019-196617 EP,panel_upgrade,other_electrical,0
2025-116980 EP,panel_upgrade,panel_upgrade,1
2024-047309 EP,panel_upgrade,panel_upgrade,1
2024-097327 EP,panel_upgrade,panel_upgrade,1
2018-208009 EP,panel_upgrade,panel_upgrade,1
2020-075877 EP,panel_upgrade,panel_upgrade,1
2021-105492 EP,solar,solar,1
2018-189745 EP,solar,solar,1
2017-133043 EP,solar,solar,1
2019-240478 EP,solar,solar,1
2025-003640 EP,solar,solar,1
2016-107052 EP,solar,solar,1
2022-070092 EP,solar,solar,1
2017-087668 EP,solar,solar,1
2015-101910 EP,solar,solar,1
2021-160146 EP,solar,solar,1
2016-038376 EP,solar,solar,1
2022-026555 EP,solar,solar,1
2022-029626 EP,solar,solar,1
2022-114233 EP,solar,solar,1
2019-228006 EP,solar,solar,1
2023-150893 EP,solar_battery,solar_battery,1
2020-049616 EP,solar_battery,solar_battery,1
2021-075043 EP,solar_battery,solar_battery,1
2022-057930 EP,solar_battery,solar_battery,1
2024-070633 EP,solar_battery,solar_battery,1
2022-076437 EP,solar_battery,battery,0
2024-141564 EP,solar_battery,solar_battery,1
2021-030555 EP,solar_battery,solar_battery,1
2023-065098 EP,solar_battery,solar_battery,1
2024-142317 EP,solar_battery,solar_battery,1
2024-052280 EP,solar_battery,solar_battery,1
2026-042701 EP,solar_battery,solar_battery,1
2018-074737 EP,solar_battery,solar_battery,1
2022-009840 EP,solar_battery,solar_battery,1
2024-098224 EP,solar_battery,solar_battery,1
2019-224514 EP,solar,solar,1
2024-038436 EP,ev_charger,ev_charger,1
2026-091106 EP,ev_charger,ev_charger,1
2016-114414 EP,solar,solar,1
2017-061260 EP,generator,generator,1
2015-089682 EP,panel_upgrade,panel_upgrade,1
2023-017750 EP,panel_upgrade,panel_upgrade,1
2020-163612 EP,panel_upgrade,panel_upgrade,1
2020-101877 EP,solar,solar,1
2019-088726 EP,solar,solar,1
2023-157867 EP,generator,generator,1
2022-105859 EP,other_electrical,other_electrical,1
2023-146210 EP,panel_upgrade,panel_upgrade,1
2022-132889 EP,panel_upgrade,panel_upgrade,1
2017-029794 EP,ev_charger,ev_charger,1
2023-032326 EP,battery,battery,1
2023-135666 EP,solar,solar,1
2026-012349 EP,panel_upgrade,panel_upgrade,1
2023-055638 EP,generator,generator,1
2026-068653 EP,ev_charger,ev_charger,1
2023-011614 EP,solar,solar,1
2024-028315 EP,panel_upgrade,panel_upgrade,1
2019-064184 EP,ev_charger,ev_charger,1
2026-040173 EP,panel_upgrade,solar,0
2018-192802 EP,solar,solar,1
2022-045211 EP,generator,generator,1
2020-180655 EP,solar,solar,1
2025-086565 EP,solar,solar,1
2025-028176 EP,other_electrical,other_electrical,1
2020-136883 EP,panel_upgrade,panel_upgrade,1
2021-115995 EP,generator,generator,1
2015-032760 EP,solar,solar,1
2021-034910 EP,panel_upgrade,panel_upgrade,1
2017-079988 EP,solar,solar,1
2024-021879 EP,solar,solar,1
2022-072026 EP,solar,solar,1
2021-115696 EP,solar_battery,solar_battery,1
2026-067093 EP,ev_charger,ev_charger,1
2023-134466 EP,panel_upgrade,panel_upgrade,1
2019-062650 EP,solar,solar,1
2021-178955 EP,solar,solar,1
2022-009510 EP,panel_upgrade,panel_upgrade,1
2022-050573 EP,battery,battery,1
2024-037361 EP,panel_upgrade,panel_upgrade,1
2019-021231 EP,generator,generator,1
